Module,Submodule,Parent ID,Test Case #,Scenario,Precondition,Test Data,Test steps,Expected Result,Labels,Priority,Automation status,Countries applicable,Partners applicable,Automation mapped TC
Gift Card,Purchase,GC-PUR-CORE,GC-PUR-001,Purchase gift card with new card (UK merchant),"- Merchant configured in Adyen
- Gift card functionality enabled
- Country: UK (country_id: 1)
- Currency: GBP
- Payment provider: Adyen (payment_provider_id: 5)
- New card details available","- Merchant ID: Valid UK merchant
- Card: New Visa card (4111111111111111)
- Amount: £50.00
- Gift card code: Auto-generated
- Order reference: Unique order_ref","1. Customer initiates gift card purchase
2. Enters new card details (Visa 4111...)
3. Enters gift card amount: £50.00
4. Completes 3DS authentication (if required)
5. Confirms purchase","1. Payment SUCCESSFUL ✓

Database - payments table:
-> transaction_status_id: 1 (success)
-> transaction_method_id: 1 (new card)
-> transaction_mode_id: 1 or 2 (3DS status)
-> country_code: GBP
-> gross: £50.00
-> fee: £0.50
-> net: £49.50
-> payment_provider_id: 5 (Adyen)
-> order_ref: Unique reference

Database - master_token table:
-> scheme_name: 'visa'
-> last_4_digit: '1111'
-> three_ds_status: 0 or 1
-> delete_status: 0
-> provider: 5 (Adyen)

Database - gift_card_transactions table:
-> gc_transaction_type_id: 1 (PURCHASE)
-> gc_reference: Generated unique code
-> amount: Purchase amount
-> merchant_id: Merchant identifier
-> shopper_id: Customer identifier
-> payment_id: Links to payments.id
-> gc_transaction_type_id: 1 (PURCHASE)
-> gc_reference: Generated gift card code
-> amount: Purchase amount
-> merchant_id: Merchant identifier
-> shopper_id: Customer identifier
-> payment_id: Links to payments.id
-> gc_issuer: Issuer info
-> created_at: Timestamp
-> Gift card created successfully
-> merchant_id: Merchant ID

2. Customer receives gift card code ✓
3. Gift card ready for redemption ✓",gift_card;purchase;new_card;uk;adyen;positive_test,P1,Automated,"UK, US",NA,AD_NC_TC_076_uk_gift_card_sale_full_redemption.spec
Gift Card,Purchase,GC-PUR-CORE,GC-PUR-002,Purchase gift card with saved card (UK merchant),"- Merchant configured in Adyen
- Gift card functionality enabled
- Customer has saved card token
- master_token table entry exists
- delete_status: 0 (active)","- Merchant ID: Valid UK merchant
- Saved card token: Valid Adyen token
- Amount: £100.00
- Card: Saved Visa (last 4 digits: 1234)","1. Customer selects saved card for purchase
2. Enters gift card amount: £100.00
3. Confirms CVV (if required)
4. Completes purchase","1. Payment SUCCESSFUL ✓

Database - payments table:
-> transaction_status_id: 1 (success)
-> transaction_method_id: 2 (saved card)
-> master_token_id: Links to master_token.id
-> gross: £100.00
-> fee: £1.00
-> net: £99.00

Database - master_token table:
-> token: Existing Adyen token
-> delete_status: 0 (active)
-> scheme_name: 'visa'

Database - gift_card_transactions table:
-> gc_transaction_type_id: 1 (PURCHASE)
-> gc_reference: Generated unique code
-> amount: Purchase amount
-> merchant_id: Merchant identifier
-> shopper_id: Customer identifier
-> payment_id: Links to payments.id
-> gc_transaction_type_id: 1 (PURCHASE)
-> gc_reference: Generated gift card code
-> amount: Purchase amount
-> merchant_id: Merchant identifier
-> shopper_id: Customer identifier
-> payment_id: Links to payments.id
-> gc_issuer: Issuer info
-> created_at: Timestamp
-> Gift card created

2. Saved card used successfully ✓",gift_card;purchase;saved_card;token;positive_test,P1,Automated,UK. US,NA,AD_SC_TC_042_uk_gift_card_sale_partial_redemption.spec
Gift Card,Purchase,GC-PUR-CORE,GC-PUR-003,Purchase gift card from FH (Food Hub) account,"- FH merchant configured
- Gift card merchant for FH purchase exists
- Country configuration in country table
- FH merchant has balance/credit","- FH Merchant ID: FH merchant identifier
- Gift card merchant: Configured in country table
- Amount: £75.00
- Payment method: FH account","1. Purchase gift card through FH merchant
2. Pass FH merchant ID in payload
3. Specify gift card amount: £75.00
4. Complete FH account purchase","1. Purchase SUCCESSFUL ✓

Database - payments table:
-> merchant_id: FH merchant ID
-> transaction_status_id: 1 (success)
-> transaction_method_id: 7 (FH account)
-> gross: £75.00

Database - gift_card_transactions table:
-> gc_transaction_type_id: 1 (PURCHASE)
-> gc_reference: Generated unique code
-> amount: Purchase amount
-> merchant_id: Merchant identifier
-> shopper_id: Customer identifier
-> payment_id: Links to payments.id
-> gc_transaction_type_id: 1 (PURCHASE)
-> gc_reference: Generated gift card code
-> amount: Purchase amount
-> merchant_id: Merchant identifier
-> shopper_id: Customer identifier
-> payment_id: Links to payments.id
-> gc_issuer: Issuer info
-> created_at: Timestamp
-> Gift card created via FH
-> merchant_id: FH merchant ID

2. FH account charged ✓
3. Gift card ready for redemption ✓",gift_card;purchase;fh_account;food_hub;positive_test,P1,Automated,"UK, US",NA,AD_SC_TC_042_uk_gift_card_sale_partial_redemption.spec
Gift Card,Purchase,GC-PUR-CORE,GC-PUR-005,Gift card Purchase - Complete E2E validation,"- All systems operational
- Merchant configured end-to-end
- Payment gateway active
- Gift card system active","- Merchant: UK merchant
- Card: Visa 4111111111111111
- Amount: £100.00
- 3DS: Required","1. Initiate purchase
2. Enter card details
3. Complete 3DS authentication
4. Verify payment processing
5. Verify gift card creation
6. Verify all database entries","1. Complete flow SUCCESSFUL ✓

Database - payments table:
-> All fields populated correctly
-> transaction_status_id: 1
-> psp_reference: Adyen reference

Database - master_token table:
-> Token created and stored
-> three_ds_status: 1

Database - gift_card_transactions table:
-> gc_transaction_type_id: 1 (PURCHASE)
-> gc_reference: Generated unique code
-> amount: Purchase amount
-> merchant_id: Merchant identifier
-> shopper_id: Customer identifier
-> payment_id: Links to payments.id
-> gc_transaction_type_id: 1 (PURCHASE)
-> gc_reference: Generated gift card code
-> amount: Purchase amount
-> merchant_id: Merchant identifier
-> shopper_id: Customer identifier
-> payment_id: Links to payments.id
-> gc_issuer: Issuer info
-> created_at: Timestamp
-> Gift card created
-> All relationships linked

2. End-to-end validation PASSED ✓",gift_card;purchase;e2e;full_flow;positive_test,P1,Automated,"UK, US",NA,AD_NC_TC_055_us_gift_card_sale_full_redemption_from_fh.spec
Gift Card,Saved Card Purchase,GC-SAV-TOKEN,GC-SAV-001,Gift card purchase using saved card with valid token,"- Customer has saved card
- master_token table entry exists
- delete_status: 0 (active)
- Token valid in Adyen","- master_token_id: Valid token ID
- Card: Saved Visa (last 4: 1234)
- Amount: £75.00","1. Customer selects saved card
2. Enters gift card amount
3. Confirms purchase (CVV if required)","1. Purchase SUCCESSFUL ✓

Database - payments table:
-> transaction_status_id: 1
-> transaction_method_id: 2 (saved card)
-> master_token_id: Links to token

Database - master_token table:
-> token: Valid Adyen token
-> delete_status: 0
-> Used successfully

Database - gift_card_transactions table:

2. Saved card processed successfully ✓",gift_card;purchase;saved_card;token;positive_test,P1,Automated,"UK, US",NA,AD_SC_TC_038_us_gift_card_sale_full_redemption_from_fh.spec
Gift Card,Saved Card Purchase,GC-SAV-TOKEN,GC-SAV-002,Saved card purchase with expired token,"- Customer has saved card
- Token expired in Adyen
- master_token entry exists but token invalid","- master_token_id: Token ID
- Token: Expired Adyen token
- Amount: £50.00","1. Customer selects saved card
2. System attempts to use expired token
3. Adyen rejects expired token","1. Purchase FAILED ✓

Response:
-> Error: ""Saved card token expired""
-> Message: ""Please use a different card""

Database - payments table:
-> transaction_status_id: 2 (failed)
-> reason: ""Token expired""

Database - master_token table:
-> Token marked as invalid/expired

2. Customer prompted to add new card ✓",gift_card;saved_card;token_expired;negative_test,P2,Prod monitoring,"UK, US",NA,NA
Gift Card,Saved Card Purchase,GC-SAV-TOKEN,GC-SAV-003,Saved card purchase after card deletion,"- Card was previously saved
- Card deleted by customer
- delete_status: 1","- master_token_id: Deleted token
- delete_status: 1
- Amount: £50.00","1. Customer attempts to use deleted card
2. System checks delete_status
3. Rejects deleted card","1. Purchase REJECTED ✓

Response:
-> Error: ""Card no longer available""
-> Message: ""Please select a different card""

Database - master_token table:
-> delete_status: 1 (deleted)
-> Token not used

Database - payments table:
-> No entry created OR
-> transaction_status_id: 2 (failed)

2. Deleted card cannot be used ✓",gift_card;saved_card;deleted_card;validation;negative_test,P2,Pending,"UK, US",NA,NA
Gift Card,Saved Card Purchase,GC-SAV-TOKEN,GC-SAV-004,Saved card purchase with CVV required for security,"- Merchant requires CVV for saved cards
- CVV verification enabled
- Card saved without CVV stored","- Saved card: Visa ending 1234
- CVV: 123 (required)
- Amount: £100.00","1. Customer selects saved card
2. System prompts for CVV
3. Customer enters CVV
4. Purchase processed","1. CVV validation SUCCESSFUL ✓

Database - payments table:
-> transaction_status_id: 1
-> transaction_method_id: 2 (saved card)
-> CVV verified (not stored)

Database - gift_card_transactions table:

2. CVV requirement satisfied ✓
3. Purchase completed ✓",gift_card;saved_card;cvv_required;security;positive_test,P2,Automated,"UK, US",NA,AD_SC_TC_044_uk_gift_card_sale_full_redemption_from_fh.spec
Gift Card,Saved Card Purchase,GC-SAV-TOKEN,GC-SAV-005,Saved card purchase with token mismatch (security),"- Token ID doesn't match customer
- Security validation active
- Potential fraud attempt","- master_token_id: Token belonging to different customer
- shopper_id mismatch
- Amount: £50.00","1. Attempt to use another customer's token
2. System validates token ownership
3. Mismatch detected","1. Purchase BLOCKED ✓

Response:
-> Error: ""Invalid card token""
-> Security alert triggered

Database - payments table:
-> transaction_status_id: 2 (failed)
-> reason: ""Token validation failed""

2. Token ownership validated ✓
3. Security violation logged ✓
4. Customer prevented from using other's card ✓",gift_card;saved_card;token_mismatch;security;fraud;negative_test,P1,Pending,"UK, US",NA,NA
Gift Card,Redemption,GC-RED-CORE,GC-RED-001,Full redemption of gift card (complete balance),"- Gift card exists with balance
- gift_card_transactions table entry
- Status: Active
- Balance: £100.00","- Gift card code: Valid code
- Current balance: £100.00
- Redemption amount: £100.00 (full balance)
- Order total: £100.00","1. Customer enters gift card code
2. System validates gift card
3. Applies full balance: £100.00
4. Completes order","1. Redemption SUCCESSFUL ✓

Database - gift_card_transactions table:
-> gc_transaction_type_id: 2 (REDEEM)
-> gc_reference: Gift card code
-> amount: Redemption amount
-> merchant_id: Merchant identifier
-> shopper_id: Customer identifier
-> payment_id: Links to payments.id
-> gc_transaction_type_id: 2 (REDEEM)
-> gc_reference: Gift card code being redeemed
-> amount: Redemption amount
-> merchant_id: Merchant identifier
-> shopper_id: Customer identifier
-> payment_id: Links to payments.id
-> created_at: Timestamp



Balance Calculation (not stored, calculated from transactions):
-> Query all transactions for this gc_reference
-> Balance = PURCHASE amount - SUM(REDEEM amounts) + SUM(REFUND amounts)
-> Example: £100 (purchase) - £60 (redeemed) = £40 (current balance)
Database - payments table:
-> transaction_status_id: 1 (success)
-> transaction_method_id: 8 (gift card)
-> gross: £100.00
-> fee: £0.00
-> net: £100.00

2. Gift card balance: £0.00 ✓
3. Order completed ✓
4. Gift card marked as fully redeemed ✓",gift_card;redemption;full_redemption;positive_test,P1,Automated,"UK, US",NA,AD_SC_TC_044_uk_gift_card_sale_full_redemption_from_fh.spec
Gift Card,Redemption,GC-RED-CORE,GC-RED-002,Partial redemption of gift card (remaining balance),"- Gift card exists
- Status: Active
- Balance: £100.00","- Gift card code: Valid code
- Current balance: £100.00
- Redemption amount: £60.00
- Order total: £60.00","1. Customer applies gift card
2. System validates code
3. Applies £60.00 to order
4. Updates remaining balance","1. Partial redemption SUCCESSFUL ✓

Database - gift_card_transactions table:
-> gc_transaction_type_id: 2 (REDEEM)
-> gc_reference: Gift card code
-> amount: Redemption amount
-> merchant_id: Merchant identifier
-> shopper_id: Customer identifier
-> payment_id: Links to payments.id
-> gc_transaction_type_id: 2 (REDEEM)
-> gc_reference: Gift card code being redeemed
-> amount: Redemption amount
-> merchant_id: Merchant identifier
-> shopper_id: Customer identifier
-> payment_id: Links to payments.id
-> created_at: Timestamp



Balance Calculation (not stored, calculated from transactions):
-> Query all transactions for this gc_reference
-> Balance = PURCHASE amount - SUM(REDEEM amounts) + SUM(REFUND amounts)
-> Example: £100 (purchase) - £60 (redeemed) = £40 (current balance)
Database - payments table:
-> transaction_status_id: 1
-> transaction_method_id: 8 (gift card)
-> gross: £60.00

2. Remaining balance: £40.00 ✓
3. Gift card still active ✓",gift_card;redemption;partial_redemption;positive_test,P1,Automated,"UK, US",NA,AD_SC_TC_045_uk_gift_card_sale_partial_redemption_from_fh.spec
Gift Card,Redemption,GC-RED-CORE,GC-RED-003,Multiple redemptions until gift card balance exhausted,"- Gift card balance: £100.00
- Multiple orders over time","- Initial balance: £100.00
- Redemption 1: £30.00
- Redemption 2: £40.00
- Redemption 3: £30.00","1. First redemption: £30.00 (balance: £70.00)
2. Second redemption: £40.00 (balance: £30.00)
3. Third redemption: £30.00 (balance: £0.00)
4. Verify final status","1. All redemptions SUCCESSFUL ✓

Database - gift_card_transactions table:
-> gc_transaction_type_id: 2 (REDEEM)
-> gc_reference: Gift card code
-> amount: Redemption amount
-> merchant_id: Merchant identifier
-> shopper_id: Customer identifier
-> payment_id: Links to payments.id
-> gc_transaction_type_id: 2 (REDEEM)
-> gc_reference: Gift card code being redeemed
-> amount: Redemption amount
-> merchant_id: Merchant identifier
-> shopper_id: Customer identifier
-> payment_id: Links to payments.id
-> created_at: Timestamp


Balance Calculation (not stored, calculated from transactions):
-> Query all transactions for this gc_reference
-> Balance = PURCHASE amount - SUM(REDEEM amounts) + SUM(REFUND amounts)
-> Example: £100 (purchase) - £60 (redeemed) = £40 (current balance)
After Redemption 1:

After Redemption 2:

After Redemption 3:

2. Multiple redemptions tracked ✓
3. Final status: Fully Redeemed ✓",gift_card;redemption;multiple_redemptions;exhausted;positive_test,P1,Prod monitoring,"UK, US",NA,NA
Gift Card,Redemption,GC-RED-ERROR,GC-RED-004,Redemption attempt with insufficient gift card balance,"- Gift card balance: £20.00
- Order total: £50.00","- Gift card code: Valid code
- Current balance: £20.00
- Redemption attempt: £50.00
- Shortage: £30.00","1. Customer applies gift card
2. System checks balance
3. Insufficient balance detected
4. Customer notified","1. Partial application or rejection ✓

Option A - Partial Application:
-> Applied: £20.00 (available balance)
-> Remaining to pay: £30.00
-> Customer chooses additional payment method

Option B - Rejected:
-> Error: ""Insufficient gift card balance""
-> Available: £20.00, Required: £50.00

Database - gift_card_transactions table:
-> gc_transaction_type_id: 2 (REDEEM)
-> gc_reference: Gift card code
-> amount: Redemption amount
-> merchant_id: Merchant identifier
-> shopper_id: Customer identifier
-> payment_id: Links to payments.id
-> gc_transaction_type_id: 2 (REDEEM)
-> gc_reference: Gift card code being redeemed
-> amount: Redemption amount
-> merchant_id: Merchant identifier
-> shopper_id: Customer identifier
-> payment_id: Links to payments.id
-> created_at: Timestamp



Balance Calculation (not stored, calculated from transactions):
-> Query all transactions for this gc_reference
-> Balance = PURCHASE amount - SUM(REDEEM amounts) + SUM(REFUND amounts)
-> Example: £100 (purchase) - £60 (redeemed) = £40 (current balance)
2. Customer informed of shortage ✓",gift_card;redemption;insufficient_balance;negative_test,P2,Prod monitoring,"UK, US",NA,NA
Gift Card,Redemption,GC-RED-ERROR,GC-RED-005,Redemption attempt using expired gift card,"- Gift card exists
- expiry_date passed
- Status: Expired","- Gift card code: Valid code
- expiry_date: 2023-12-31 (past)
- Current date: 2024-01-15
- Balance: £50.00 (unused)","1. Customer enters expired gift card code
2. System validates expiry date
3. Expiry detected","1. Redemption REJECTED ✓

Response:
-> Error: ""Gift card expired""
-> Expiry date: 2023-12-31
-> Message: ""This gift card is no longer valid""

Database - gift_card_transactions table:
-> gc_transaction_type_id: 2 (REDEEM)
-> gc_reference: Gift card code
-> amount: Redemption amount
-> merchant_id: Merchant identifier
-> shopper_id: Customer identifier
-> payment_id: Links to payments.id
-> gc_transaction_type_id: 2 (REDEEM)
-> gc_reference: Gift card code being redeemed
-> amount: Redemption amount
-> merchant_id: Merchant identifier
-> shopper_id: Customer identifier
-> payment_id: Links to payments.id
-> created_at: Timestamp
-> Not redeemable

2. Expired card cannot be used ✓",gift_card;redemption;expired;validation;negative_test,P2,Can't be automated,"UK, US",NA,NA
Gift Card,Redemption,GC-RED-ERROR,GC-RED-007,Redemption attempt with invalid gift card code,"- Customer enters wrong code
- Code doesn't exist in system","- Gift card code: ""INVALID123"" (doesn't exist)","1. Customer enters invalid code
2. System searches for code
3. Code not found","1. Redemption REJECTED ✓

Response:
-> Error: ""Invalid gift card code""
-> Message: ""Please check and try again""

Database - gift_card_transactions table:
-> gc_transaction_type_id: 2 (REDEEM)
-> gc_reference: Gift card code
-> amount: Redemption amount
-> merchant_id: Merchant identifier
-> shopper_id: Customer identifier
-> payment_id: Links to payments.id
-> gc_transaction_type_id: 2 (REDEEM)
-> gc_reference: Gift card code being redeemed
-> amount: Redemption amount
-> merchant_id: Merchant identifier
-> shopper_id: Customer identifier
-> payment_id: Links to payments.id
-> created_at: Timestamp
-> No matching entry found

2. Invalid code rejected ✓
3. Security: Multiple attempts may trigger lockout ✓",gift_card;redemption;invalid_code;validation;negative_test,P2,Automated,"UK, US",NA,AD_SC_TC_049_uk_gift_card_invalid_gc_reference.spec
Gift Card,Redemption,GC-RED-ERROR,GC-RED-008,Gift card redemption across multiple separate orders,"- Gift card balance: £100.00
- Multiple orders at different times","- Gift card: Single card
- Order 1: £30.00 (Day 1)
- Order 2: £25.00 (Day 3)
- Order 3: £45.00 (Day 5)","1. Order 1: Use £30.00
2. Order 2: Use £25.00
3. Order 3: Use £45.00
4. Verify balance tracking","1. All orders SUCCESSFUL ✓

Database - gift_card_transactions table:
-> gc_transaction_type_id: 2 (REDEEM)
-> gc_reference: Gift card code
-> amount: Redemption amount
-> merchant_id: Merchant identifier
-> shopper_id: Customer identifier
-> payment_id: Links to payments.id
-> gc_transaction_type_id: 2 (REDEEM)
-> gc_reference: Gift card code being redeemed
-> amount: Redemption amount
-> merchant_id: Merchant identifier
-> shopper_id: Customer identifier
-> payment_id: Links to payments.id
-> created_at: Timestamp
After Order 1:

After Order 2:

After Order 3:

2. Multiple orders processed ✓
3. Balance tracked correctly ✓",gift_card;redemption;multiple_orders;tracking;positive_test,P2,Automated,"UK, US",NA,AD_SC_TC_037_us_gift_card_sale_multiple_redemption.spec
Gift Card,Redemption,GC-RED-ERROR,GC-RED-009,Concurrent redemption attempts on same gift card (race condition),"- Gift card balance: £50.00
- Two simultaneous redemption attempts
- Same card code used","- Gift card: Balance £50.00
- Attempt 1: £30.00 (simultaneous)
- Attempt 2: £30.00 (simultaneous)","1. User submits two orders simultaneously
2. Both attempt to use same gift card
3. System handles race condition","1. Race condition handled ✓

Option A - First wins:
-> First redemption: Success (£30.00)
-> Second redemption: Failed (insufficient balance)
-> Final balance: £20.00

Option B - Lock mechanism:
-> First locks card
-> Second waits or fails
-> Prevents double redemption

Database - gift_card_transactions table:
-> gc_transaction_type_id: 2 (REDEEM)
-> gc_reference: Gift card code
-> amount: Redemption amount
-> merchant_id: Merchant identifier
-> shopper_id: Customer identifier
-> payment_id: Links to payments.id
-> gc_transaction_type_id: 2 (REDEEM)
-> gc_reference: Gift card code being redeemed
-> amount: Redemption amount
-> merchant_id: Merchant identifier
-> shopper_id: Customer identifier
-> payment_id: Links to payments.id
-> created_at: Timestamp
-> Only one redemption succeeds
-> Transaction locking works

2. Double redemption prevented ✓
3. Data integrity maintained ✓",gift_card;redemption;concurrent;race_condition;locking;negative_test,P1,Can't be automated,"UK, US",NA,NA
Gift Card,Redemption,GC-RED-ERROR,GC-RED-010,Gift card redemption retry after initial failure,"- First redemption failed (timeout/error)
- Gift card still valid
- Balance unchanged","- Gift card: Valid code
- Balance: £50.00
- First attempt: Failed (timeout)
- Second attempt: Retry","1. First redemption attempt fails
2. Customer retries
3. Second attempt processes successfully","1. Retry SUCCESSFUL ✓

Database - gift_card_transactions table:
-> gc_transaction_type_id: 2 (REDEEM)
-> gc_reference: Gift card code
-> amount: Redemption amount
-> merchant_id: Merchant identifier
-> shopper_id: Customer identifier
-> payment_id: Links to payments.id
-> gc_transaction_type_id: 2 (REDEEM)
-> gc_reference: Gift card code being redeemed
-> amount: Redemption amount
-> merchant_id: Merchant identifier
-> shopper_id: Customer identifier
-> payment_id: Links to payments.id
-> created_at: Timestamp
-> No double redemption
-> Retry handled properly

Database - payments table:
-> Only one successful transaction
-> First attempt: Failed/Timeout
-> Second attempt: Success

2. Idempotency maintained ✓
3. No duplicate deduction ✓",gift_card;redemption;retry;error_recovery;positive_test,P2,Prod monitoring,"UK, US",NA,NA
Gift Card,Cancel/Refund,GC-CAN-REFUND,GC-CAN-001,Full cancel/refund of gift card purchase (unused card),"- Gift card purchased successfully
- Balance: £100.00 (not redeemed)
- Status: Active
- Within refund period","- Gift card code: Valid code
- Purchase amount: £100.00
- Redeemed amount: £0.00
- Refund amount: £100.00 (full)","1. Customer requests full refund
2. System validates gift card status
3. Processes full refund
4. Updates gift card status","1. Cancel SUCCESSFUL ✓

Database - gift_card_transactions table (REFUND entry):
-> gc_transaction_type_id: 4 (REFUND)
-> gc_reference: Original gift card code
-> amount: Refund amount
-> merchant_id: Merchant identifier
-> shopper_id: Customer identifier
-> payment_id: Links to refund payments.id
-> gc_transaction_type_id: 4 (REFUND)
-> gc_reference: Original gift card code
-> amount: Refund amount (negative or positive)
-> merchant_id: Merchant identifier
-> shopper_id: Customer identifier
-> payment_id: Links to refund payment.id
-> created_at: Timestamp

Database - payments table (refund entry):
-> transaction_status_id: 1 (success)
-> gross: -£100.00 (refund)
-> Linked to original payment

2. Customer refunded: £100.00 ✓
3. Gift card code invalidated ✓
4. Cannot be used for redemption ✓",gift_card;cancel;full_refund;unused;positive_test,P1,Automated,"UK, US",NA,AD_NC_TC_076_uk_gift_card_sale_full_redemption.spec
Gift Card,Limits & Restrictions,GC-LIM-DB,GC-LIM-001,Gift card country restriction validation,"- Country limits configured in country table
- UK (country_id: 1): max £500.00
- US (country_id: 7): max $500.00
- AU (country_id: 3): max $750.00","- Test 1: UK merchant, £600.00 (exceeds)
- Test 2: US merchant, $400.00 (within)
- Test 3: AU merchant, $800.00 (exceeds)","1. Attempt purchase in each country
2. System validates against country limit
3. Accept/Reject based on limit","1. Country limits enforced ✓

Test 1 (UK - £600):
-> REJECTED: Exceeds £500 limit
-> Error: ""Amount exceeds country maximum""

Test 2 (US - $400):
-> ACCEPTED: Within $500 limit
-> Purchase successful

Test 3 (AU - $800):
-> REJECTED: Exceeds $750 limit
-> Error: ""Amount exceeds country maximum""

Database - country table:
-> Limits enforced per country_id
-> Validation working correctly

2. Country-specific limits validated ✓",gift_card;limits;country_restriction;validation;boundary_test,P1,Automated,"UK, US",NA,AD_SC_TC_051_uk_gift_card_sale_gc_disabled.spec
Gift Card,Limits & Restrictions,GC-LIM-DB,GC-LIM-002,Gift card merchant restriction validation,"- Merchant-specific limits configured
- Merchant A: Enabled, max £300.00
- Merchant B: Disabled for gift cards
- Merchant C: Enabled, max £1000.00","- Merchant A: £250.00 purchase
- Merchant B: £50.00 purchase
- Merchant C: £500.00 purchase","1. Attempt purchase at each merchant
2. Validate merchant configuration
3. Apply merchant-specific rules","1. Merchant restrictions enforced ✓

Merchant A (£250):
-> ACCEPTED: Within £300 limit
-> Purchase successful

Merchant B (£50):
-> REJECTED: Gift cards disabled
-> Error: ""Gift cards not available for this merchant""

Merchant C (£500):
-> ACCEPTED: Within £1000 limit
-> Purchase successful

Database - merchant configuration:
-> gift_card_enabled flag checked
-> Per-merchant limits enforced

2. Merchant-specific rules validated ✓",gift_card;limits;merchant_restriction;validation;config_test,P1,Pending,"UK, US",NA,NA
Gift Card,Redemption,GC-RED-MULTI,GC-RED-012,Redemption with multiple gift cards on single order,"- Customer has 2 gift cards
- Card 1: Balance £30.00
- Card 2: Balance £40.00
- Order total: £60.00","- Gift card 1: £30.00
- Gift card 2: £40.00
- Order total: £60.00
- Combined: £70.00 (£10.00 excess)","1. Apply gift card 1: £30.00
2. Apply gift card 2: £30.00 (partial)
3. Process order: £60.00 total
4. Verify both cards updated","1. Multiple cards applied ✓

Database - gift_card_transactions (Card 1):

Database - gift_card_transactions (Card 2):

Database - payments table:
-> Multiple entries OR combined
-> Total: £60.00
-> transaction_method_id: 8 (gift card)

2. Order paid with 2 gift cards ✓
3. Correct balances updated ✓",gift_card;redemption;multiple_cards;positive_test,P1,Can't be automated,"UK, US",NA,NA
Gift Card,Redemption,GC-RED-SPLIT,GC-RED-014,Gift card redemption - Split fee value exceeds sale amount (sale fails),"- Gift card exists with valid balance
- Redemption API active
- Split fee payload validation active
- split_fee value > total sale amount","- Gift card code: Valid code with £100 balance
- Redemption amount (sale total): £50.00
- split_fee: [{type_id: 3, value_type: ""amount"", value: 60.00}] (£60 > £50 sale)
- Test 2: split_fee: [{type_id: 3, value_type: ""amount"", value: 50.01}] (just over sale)
- Test 3: split_fee: [{type_id: 3, value_type: ""amount"", value: 50.00}] (equal to sale - edge case)","1. Initiate gift card redemption with sale amount £50.00
2. Pass split_fee with value: 60.00 (exceeds sale amount)
3. Verify sale fails with API error
4. Verify error message: ""split_fee[0].value must be less than total""
5. Verify no payment entry created
6. Verify no gift_card_transactions entry created
7. Verify gift card balance unchanged
8. Repeat with split_fee value: 50.01 (just over sale)
9. Verify same failure
10. Repeat with split_fee value: 50.00 (equal to sale - edge case)
11. Verify behavior (pass or fail based on validation rule)","1. Split fee > sale amount — Sale FAILED ✓

Test 1 (split_fee £60 > sale £50):
-> Sale FAILS
-> API Response: {""message"": ""split_fee[0].value must be less than total""}
-> No payment entry created
-> No gift_card_transactions entry created
-> Gift card balance unchanged: £100.00

Test 2 (split_fee £50.01 > sale £50):
-> Sale FAILS
-> API Response: {""message"": ""split_fee[0].value must be less than total""}
-> No payment entry created
-> Gift card balance unchanged: £100.00

Test 3 (split_fee £50.00 = sale £50 — edge case):
-> Verify behavior: May pass or fail depending on validation (< vs <=)
-> If fails: {""message"": ""split_fee[0].value must be less than total""}
-> If passes: payment created with full split

Database - payments table:
-> No entry for Test 1 and Test 2
-> Test 3: Depends on validation rule

Database - gift_card_transactions table:
-> No entry for Test 1 and Test 2

Database - payment_split_commission table:
-> No entry for Test 1 and Test 2

2. Split fee validation enforced ✓
3. Exact error message returned ✓
4. No partial processing on failure ✓
5. Gift card balance not affected ✓",gift_card;redemption;split_fee;validation;amount_exceeded;negative_test,P1,Pending,"UK, US",NA,NA
Gift Card,Purchase,GC-PUR-VALID,GC-PUR-016,Gift card purchase - Invalid payload validation (First Name & Last Name with alphanumeric/special characters),"- Merchant configured in Adyen
- Gift card functionality enabled
- Country: UK (country_id: 1)
- Payload validation rules active","- Test 1: First Name = ""John123"", Last Name = ""Doe456"" (alphanumeric)
- Test 2: First Name = ""O'Brien"", Last Name = ""Smith-Jones"" (special chars: apostrophe, hyphen)
- Test 3: First Name = ""  John  "", Last Name = ""  Doe  "" (leading/trailing spaces)
- Test 4: First Name = ""José"", Last Name = ""Müller"" (accented characters)
- Test 5: First Name = ""123!@#"", Last Name = ""$%^&*"" (only special chars/numbers)
- Amount: £50.00 for each test
- Card: Valid Visa 4111111111111111","1. Initiate gift card purchase with First Name = ""John123"", Last Name = ""Doe456""
2. Complete payment and verify sale succeeds
3. Verify first_name and last_name are trimmed/sanitized in DB
4. Repeat with First Name = ""O'Brien"", Last Name = ""Smith-Jones""
5. Verify sale succeeds with special characters trimmed
6. Repeat with names containing leading/trailing spaces
7. Verify spaces are trimmed in DB
8. Repeat with accented characters
9. Verify sale succeeds
10. Repeat with only special chars/numbers
11. Verify sale succeeds - all values trimmed","1. All sales SUCCESSFUL ✓ — names are trimmed and accepted

Test 1 (Alphanumeric names):
-> Sale succeeds with transaction_status_id: 1
-> first_name stored as ""John123"" (trimmed)
-> last_name stored as ""Doe456"" (trimmed)

Test 2 (Special char names - apostrophe, hyphen):
-> Sale succeeds with transaction_status_id: 1
-> first_name stored as ""O'Brien"" (trimmed)
-> last_name stored as ""Smith-Jones"" (trimmed)

Test 3 (Leading/trailing spaces):
-> Sale succeeds with transaction_status_id: 1
-> first_name stored as ""John"" (spaces trimmed)
-> last_name stored as ""Doe"" (spaces trimmed)

Test 4 (Accented characters):
-> Sale succeeds with transaction_status_id: 1
-> first_name stored as ""José"" (trimmed)
-> last_name stored as ""Müller"" (trimmed)

Test 5 (Only special chars/numbers):
-> Sale succeeds with transaction_status_id: 1
-> Values trimmed and stored

Database - payments table:
-> transaction_status_id: 1 for all tests
-> All name fields trimmed before storage

2. All name variations accepted ✓
3. All values trimmed in DB ✓
4. No validation errors on name fields ✓",gift_card;purchase;payload_validation;name_validation;trimming;positive_test,P2,Automated,"UK, US",NA,AD_SC_TC_049_uk_gift_card_invalid_gc_reference.spec
Gift Card,Purchase,GC-PUR-VALID,GC-PUR-017,Gift card purchase - Invalid email validation (sale fails),"- Merchant configured in Adyen
- Gift card functionality enabled
- Email validation active in payload","- Test 1: email = """" (empty)
- Test 2: email = ""invalid-email"" (no @ symbol)
- Test 3: email = ""@domain.com"" (no local part)
- Test 4: email = ""user@"" (no domain)
- Test 5: email = ""user@domain"" (no TLD)
- Test 6: email = null (missing field)
- Amount: £50.00 for each test
- Card: Valid Visa 4111111111111111","1. Initiate gift card purchase with empty email
2. Verify sale fails with email validation error
3. Repeat with ""invalid-email"" (no @ symbol)
4. Verify sale fails
5. Repeat with ""@domain.com"" (no local part)
6. Verify sale fails
7. Repeat with ""user@"" (no domain)
8. Verify sale fails
9. Repeat with ""user@domain"" (no TLD)
10. Verify sale fails
11. Repeat with null/missing email field
12. Verify sale fails","1. All sales FAILED ✓ — invalid email rejected

Test 1 (empty email):
-> Sale FAILS
-> API error: Email validation failed

Test 2 (no @ symbol):
-> Sale FAILS
-> API error: Invalid email format

Test 3 (no local part):
-> Sale FAILS
-> API error: Invalid email format

Test 4 (no domain):
-> Sale FAILS
-> API error: Invalid email format

Test 5 (no TLD):
-> Sale FAILS
-> API error: Invalid email format

Test 6 (null/missing):
-> Sale FAILS
-> API error: Email is required

Database - payments table:
-> No payment entry created for any test
-> No gift_card_transactions entry created

2. All invalid emails rejected ✓
3. No payment processed with invalid email ✓
4. Proper error messages returned ✓",gift_card;purchase;email_validation;invalid_email;negative_test,P1,Automated,"UK, US",NA,AD_SC_TC_049_uk_gift_card_invalid_gc_reference.spec
Gift Card,Purchase,GC-PUR-CORE,GC-PUR-018,Gift card purchase through 3DS and non-3DS card,"- Merchant configured in Adyen
- Gift card functionality enabled
- 3DS enabled for merchant
- Both 3DS and non-3DS test cards available","- Test 1 (3DS card): Card = 4212345678901237 (3DS enrolled), Amount = £50.00
- Test 2 (Non-3DS card): Card = 4111111111111111 (non-3DS / frictionless), Amount = £50.00
- Country: UK
- Currency: GBP","1. Initiate gift card purchase with 3DS enrolled card
2. Verify 3DS challenge page is displayed
3. Complete 3DS authentication
4. Verify payment succeeds after 3DS
5. Validate DB entries (payments, gift_card_transactions)
6. Initiate gift card purchase with non-3DS card
7. Verify NO 3DS challenge is displayed (frictionless flow)
8. Verify payment succeeds directly
9. Validate DB entries (payments, gift_card_transactions)
10. Compare both flows - both should result in successful gift card creation","1. 3DS card purchase SUCCESSFUL ✓

3DS Flow:
-> 3DS challenge page displayed
-> Authentication completed
-> Redirect to success URL after 3DS
-> transaction_status_id: 1

Database - payments table (3DS):
-> transaction_status_id: 1 (success)
-> transaction_method_id: 1 (new card)
-> payment_provider_id: 5 (Adyen)
-> 3ds_status: authenticated
-> psp_reference: Adyen PSP ref

Database - gift_card_transactions table (3DS):
-> gc_transaction_type_id: 1 (PURCHASE)
-> gc_reference: Generated code
-> amount: £50.00

2. Non-3DS card purchase SUCCESSFUL ✓

Non-3DS Flow:
-> No 3DS challenge displayed
-> Payment processed directly (frictionless)
-> Redirect to success URL immediately
-> transaction_status_id: 1

Database - payments table (Non-3DS):
-> transaction_status_id: 1 (success)
-> transaction_method_id: 1 (new card)
-> payment_provider_id: 5 (Adyen)
-> 3ds_status: frictionless / not_required
-> psp_reference: Adyen PSP ref

Database - gift_card_transactions table (Non-3DS):
-> gc_transaction_type_id: 1 (PURCHASE)
-> gc_reference: Generated code
-> amount: £50.00

3. Both flows create gift card ✓
4. 3DS challenge only for enrolled cards ✓
5. Non-3DS skips challenge ✓",gift_card;purchase;3ds;non_3ds;authentication;positive_test,P1,Automated,"UK, US",NA,AD_SC_TC_050_uk_gift_card_sale_with_3ds_card.spec
Gift Card,Security,GC-SEC-VALID,GC-SEC-001,Gift card code validation and invalid code handling (security),"- Gift card code validation active
- Invalid code detection enabled
- Security monitoring enabled","- Multiple invalid codes entered
- Mix of non-existent, malformed, and empty codes
- Valid code format: GC-XXXX-XXXX","1. Enter non-existent gift card code
2. Enter malformed code (special characters, SQL injection patterns)
3. Enter empty/null code
4. Enter valid code format but non-existent
5. Enter valid existing code
6. Verify system correctly identifies valid vs invalid codes","1. Invalid code REJECTED ✓

Invalid code attempts:
-> Error: ""Invalid gift card code""
-> No transaction created for invalid codes
-> No balance deduction for invalid codes

Security Log:
-> Invalid code attempts logged
-> Code format validation enforced
-> SQL injection/XSS patterns blocked

Database - gift_card_transactions table:
-> No entries created for invalid code attempts
-> Only valid code redemption creates entry

2. Code format validation enforced ✓
3. Malformed input handled securely ✓
4. Valid code accepted correctly ✓",gift_card;security;code_validation;invalid_code;negative_test,P1,Automated,"UK, US",NA,AD_SC_TC_049_uk_gift_card_invalid_gc_reference.spec
Gift Card,Country Validation,GC-COUNTRY-CROSS,GC-REG-001,Cross country gift card validation - Purchase and redemption across different countries,"- Gift card purchased in Country A (e.g., UK - GBP)
- Redemption attempted in Country B (e.g., US - USD)
- gc_enabled flag checked per country
- Country-specific gc_max_limit applies","- Country A: UK (gc_enabled=1, gc_max_limit=500, currency=GBP)
- Country B: US (gc_enabled=1, gc_max_limit=300, currency=USD)
- Gift card: Purchased in UK with £50.00
- Redemption: Attempted at US merchant","1. Purchase gift card in UK (Country A) - verify gc_enabled=1
2. Attempt to redeem gift card at US merchant (Country B)
3. Verify system checks gc_enabled for Country B
4. Verify country-specific gc_max_limit is applied
5. Check if cross-country redemption is allowed or blocked
6. Validate DB entries for country-specific fields","1. Cross country validation ENFORCED ✓

Scenario A - Cross-country blocked:
-> Error: ""Gift card not valid in this country""
-> gc_enabled check per country applied
-> No redemption entry created

Scenario B - Cross-country allowed:
-> Redemption successful with currency conversion
-> gc_max_limit of destination country applied

Database - gift_card_transactions table:
-> If blocked: No entry created
-> If allowed: gc_transaction_type_id: 2 (REDEEM)
-> country_id: Destination country ID
-> amount: Converted amount (if applicable)

Database - country table validation:
-> gc_enabled: 1 (must be enabled for both countries)
-> gc_max_limit: Country-specific limit applied
-> gc_fh_mid: Validated per country

2. Country gc_enabled flag validated ✓
3. gc_max_limit per country enforced ✓
4. Currency handling validated ✓",gift_card;country;cross_country;gc_enabled;validation;negative_test,P2,Automated,"UK, US",NA,AD_NC_TC_055_us_gift_card_sale_full_redemption_from_fh.spec
Gift Card,Performance,GC-PERF-LOAD,GC-PERF-001,Performance test - Concurrent gift card purchases,"- System under load
- Multiple simultaneous purchases
- Performance monitoring active","- Concurrent users: 100
- Purchase rate: 50 per second
- Duration: 5 minutes
- Amount: £50.00 each","1. Simulate 100 concurrent users
2. Each purchases gift card
3. Monitor system performance
4. Verify all transactions","1. Performance metrics ✓

System Performance:
-> Response time: <2 seconds (average)
-> Success rate: >99%
-> No timeouts
-> No duplicate gift cards

Database - gift_card_transactions table:

2. System handles load ✓
3. Data integrity maintained ✓",gift_card;performance;load_test;concurrency;stress_test,P3,Can't be automated,"UK, US",NA,NA
Gift Card,Fund Transfer,GC-FT-CORE,GC-FT-001,Fund transfer and method_id update after gift card purchase,"- Gift card purchase completed successfully via Adyen
- Fund transfer service is active
- Commission rules configured for merchant
- Payment entry exists with transaction_method_id: 26 (gift card pending FT)","- Merchant ID: Valid UK merchant
- Gift card purchase amount: £100.00
- Payment entry: transaction_method_id = 26
- Fund transfer destination: Configured merchant wallet","1. Complete a gift card purchase via new card on Adyen HF
2. Verify payment record created with transaction_method_id = 26
3. Query fund_transfer_transactions table for FT entry
4. Wait for fund transfer to process
5. Verify fund transfer completes successfully
6. Re-check payment record for method_id update to 10
7. Query fund_transfer_transactions for status update
8. Validate commission split entries in payment_split_commission
9. Validate gift_card_transactions entry","1. Fund transfer SUCCESSFUL ✓

Database - payments table (before FT):
-> transaction_status_id: 1 (success)
-> transaction_method_id: 26 (gift card - pending FT)
-> payment_provider_id: 5 (Adyen)
-> gross: £100.00
-> fee: fee tier value
-> net: gross - fee

Database - payments table (after FT success):
-> transaction_method_id: 10 (gift card - FT complete)
-> All other fields unchanged

Database - fund_transfer_transactions table:
-> payment_id: Links to payments.id
-> from_account: Datman holding account
-> to_account: Merchant wallet/account
-> amount: £100.00 (gross or net as per config)
-> status: 'completed'
-> created_at: Timestamp of FT initiation
-> updated_at: Timestamp of FT completion
-> provider: Fund transfer provider identifier
-> reference: Unique FT reference

Database - gift_card_transactions table:
-> gc_transaction_type_id: 1 (PURCHASE)
-> gc_reference: Generated gift card code
-> amount: £100.00
-> merchant_id: Merchant identifier
-> payment_id: Links to payments.id
-> created_at: Timestamp

Database - payment_split_commission table:
-> payment_id: Links to payments.id
-> commission calculated per merchant rules
-> status: processed

2. Method ID updated from 26 to 10 ✓
3. Fund transfer recorded in fund_transfer_transactions ✓
4. Commission split calculated and stored ✓
5. gift_card_transactions entry correct ✓",gift_card;fund_transfer;method_id;commission;positive_test,P1,Automated,"UK, US",NA,AD_NC_TC_056_us_gift_card_sale_partial_redemption_from_fh.spec
Gift Card,Fund Transfer,GC-FT-CORE,GC-FT-002,Fund transfer and method_id update after gift card redemption,"- Gift card redeemed successfully via Adyen
- Fund transfer service is active
- Redemption payment entry exists with transaction_method_id: 26","- Gift card code: Valid redeemed code
- Redemption amount: £75.00
- Payment entry: transaction_method_id = 26
- Fund transfer: Pending","1. Complete a gift card redemption via redeem API
2. Verify payment record created with transaction_method_id = 26
3. Query fund_transfer_transactions table for FT entry
4. Wait for fund transfer to process
5. Verify fund transfer completes successfully
6. Re-check payment record for method_id update to 10
7. Query fund_transfer_transactions for status update
8. Validate gift_card_transactions entry for redemption","1. Fund transfer after redemption SUCCESSFUL ✓

Database - payments table (before FT):
-> transaction_status_id: 1 (success)
-> transaction_method_id: 26 (gift card - pending FT)
-> gross: £75.00

Database - payments table (after FT success):
-> transaction_method_id: 10 (gift card - FT complete)

Database - fund_transfer_transactions table:
-> payment_id: Links to payments.id
-> from_account: Datman holding account
-> to_account: Merchant wallet/account
-> amount: £75.00
-> status: 'completed'
-> created_at: Timestamp of FT initiation
-> updated_at: Timestamp of FT completion
-> provider: Fund transfer provider identifier
-> reference: Unique FT reference

Database - gift_card_transactions table:
-> gc_transaction_type_id: 2 (REDEEM)
-> gc_reference: Gift card code
-> amount: £75.00
-> payment_id: Links to payments.id
-> created_at: Timestamp

2. Method ID updated from 26 to 10 after FT ✓
3. Fund transfer recorded in fund_transfer_transactions ✓
4. Redemption fund transfer recorded ✓",gift_card;fund_transfer;redemption;method_id;positive_test,P1,Automated,"UK, US",NA,AD_NC_TC_056_us_gift_card_sale_partial_redemption_from_fh.spec
Gift Card,Fund Transfer,GC-FT-ERROR,GC-FT-003,Fund transfer failure - method_id remains 26,"- Gift card transaction completed
- Fund transfer service unavailable or fails
- Payment entry exists with transaction_method_id: 26","- Payment entry: transaction_method_id = 26
- Fund transfer: Simulated failure
- Retry mechanism: Active","1. Complete a gift card purchase via Adyen
2. Verify payment record created with transaction_method_id = 26
3. Simulate fund transfer failure
4. Query fund_transfer_transactions table for failed FT entry
5. Verify method_id remains 26 (not updated to 10)
6. Verify retry mechanism is triggered
7. Check fund_transfer_transactions for retry status
8. Check alert/monitoring for FT failure","1. Fund transfer failure handled ✓

Database - payments table:
-> transaction_method_id: 26 (UNCHANGED - FT not complete)
-> transaction_status_id: 1 (payment itself succeeded)

Database - fund_transfer_transactions table:
-> payment_id: Links to payments.id
-> status: 'failed'
-> error_message: Failure reason
-> created_at: Timestamp of FT attempt
-> updated_at: Timestamp of failure
-> retry_count: Number of retries attempted
-> next_retry_at: Scheduled retry timestamp (if applicable)

Fund Transfer Status:
-> Status: Failed
-> Retry scheduled
-> Alert triggered for manual investigation

2. Method ID NOT updated (remains 26) ✓
3. fund_transfer_transactions shows failed status ✓
4. Retry mechanism activated ✓
5. Alert raised for investigation ✓
6. Payment status not affected by FT failure ✓",gift_card;fund_transfer;failure;method_id;retry;negative_test,P1,Prod monitoring,"UK, US",NA,NA
Gift Card,Fund Transfer,GC-FT-ERROR,GC-FT-004,Fund transfer retry succeeds after initial failure,"- First fund transfer attempt failed
- Payment entry: transaction_method_id = 26
- Retry mechanism active","- Payment entry: transaction_method_id = 26
- First FT attempt: Failed
- Retry attempt: Success expected","1. Complete gift card transaction
2. First fund transfer fails
3. Query fund_transfer_transactions for failed entry
4. Verify method_id remains 26
5. System retries fund transfer
6. Query fund_transfer_transactions for retry entry
7. Retry succeeds
8. Verify method_id updates to 10
9. Verify fund_transfer_transactions shows completed status","1. Fund transfer retry SUCCESSFUL ✓

Database - payments table (after retry success):
-> transaction_method_id: 10 (updated after successful retry)

Database - fund_transfer_transactions table:
-> payment_id: Links to payments.id
-> status: 'completed' (updated from 'failed')
-> created_at: Original FT attempt timestamp
-> updated_at: Successful retry timestamp
-> retry_count: Number of attempts before success
-> error_message: NULL (cleared after success) or previous error retained in log

Fund Transfer Log:
-> Attempt 1: Failed (timestamp)
-> Attempt 2: Success (timestamp)
-> Only ONE successful FT recorded

2. Method ID updated to 10 after retry ✓
3. fund_transfer_transactions updated to completed ✓
4. No duplicate fund transfers ✓
5. Alert cleared after success ✓",gift_card;fund_transfer;retry;recovery;method_id;positive_test,P1,Prod monitoring,"UK, US",NA,NA
Gift Card,Fund Transfer,GC-FT-CORE,GC-FT-005,Commission split validation after fund transfer,"- Gift card purchase completed
- Fund transfer successful
- Commission rules configured for merchant
- Fee tier applicable","- Purchase amount: £100.00
- Fee tier: 1% (£1.00)
- Net: £99.00
- Commission split rules defined","1. Complete gift card purchase
2. Verify fee deduction as per fee_tier
3. Wait for fund transfer completion
4. Query fund_transfer_transactions for FT entry
5. Validate commission split entries in payment_split_commission
6. Validate transaction_fee_info entries
7. Verify merchant receives correct net amount
8. Verify platform commission recorded","1. Commission split CORRECT ✓

Database - payments table:
-> gross: £100.00
-> fee: £1.00 (as per fee_tier)
-> net: £99.00

Database - fund_transfer_transactions table:
-> payment_id: Links to payments.id
-> amount: Net amount transferred to merchant
-> status: 'completed'
-> created_at: Timestamp
-> updated_at: Timestamp
-> from_account: Datman holding
-> to_account: Merchant account

Database - transaction_fee_info table:
-> payment_id: Links to payments.id
-> fee_amount: £1.00
-> fee_percentage: 1%
-> fee_tier_id: Applicable tier

Database - payment_split_commission table:
-> payment_id: Links to payments.id
-> Split entries per configured rules
-> All amounts calculated correctly
-> status: processed

2. Fee deducted as per fee_tier ✓
3. fund_transfer_transactions amount matches net ✓
4. Commission split recorded accurately ✓
5. Merchant net amount correct ✓",gift_card;fund_transfer;commission;fee_tier;split;positive_test,P1,Pending,"UK, US",NA,NA
Gift Card,Redemption Cancel,GC-RCAN-CORE,GC-RCAN-001,Cancel gift card redemption - valid payment_id,"- Gift card redemption completed successfully
- Order in cancellable state
- Fund transfer not yet settled
- Valid payment_id available","- Gift card code: Valid redeemed code
- Payment ID: Valid payment_id from redemption
- Redemption amount: £50.00
- Cancel API payload with valid payment_id","1. Complete gift card redemption successfully
2. Initiate cancel redemption API with valid payment_id
3. Verify API response is success
4. Verify gift card balance restored
5. Validate DB entries for cancellation
6. Verify fund transfer reversal","1. Redemption cancel SUCCESSFUL ✓

Database - gift_card_transactions table:
-> NEW entry with gc_transaction_type_id: 3 (CANCEL REDEMPTION)
-> gc_reference: Original gift card code
-> amount: Cancelled redemption amount
-> merchant_id: Merchant identifier
-> shopper_id: Customer identifier
-> payment_id: Links to cancel payment entry
-> created_at: Timestamp

Database - payments table:
-> NEW refund/cancel entry created
-> transaction_status_id: 1 (success)
-> Linked to original redemption payment

Balance Calculation:
-> Balance restored by cancelled amount
-> Balance = PURCHASE - SUM(REDEEM) + SUM(CANCEL) + SUM(REFUND)

2. Gift card balance restored ✓
3. Cancellation recorded in DB ✓
4. Fund transfer reversed ✓
5. Customer notified ✓",gift_card;redemption_cancel;valid;positive_test,P1,Automated,"UK, US",NA,AD_NC_TC_056_us_gift_card_sale_partial_redemption_from_fh.spec
Gift Card,Redemption Cancel,GC-RCAN-CORE,GC-RCAN-002,Cancel gift card redemption - invalid payment_id,"- Cancel API available
- Invalid or non-existent payment_id used","- Payment ID: ""INVALID_PAY_123"" (does not exist)
- Cancel API payload with invalid payment_id","1. Initiate cancel redemption API with invalid payment_id
2. Verify API response is failure
3. Verify no DB changes made
4. Verify no gift card balance changes","1. Redemption cancel FAILED ✓

API Response:
-> Status: Failed
-> Error: ""Invalid payment ID""
-> Message: ""Payment ID not found or not eligible for cancellation""

Database - gift_card_transactions table:
-> No new entry created
-> No changes to existing entries

Database - payments table:
-> No new entry created

2. Invalid payment_id rejected ✓
3. No DB changes made ✓
4. Error logged for investigation ✓",gift_card;redemption_cancel;invalid_payment_id;negative_test,P1,Automated,"UK, US",NA,AD_SC_TC_043_us_gift_card_invalid_gc_reference.spec
Gift Card,Redemption Cancel,GC-RCAN-CORE,GC-RCAN-004,Cancel redemption with different gc_reference than purchased,"- Gift card redemption completed
- Different gc_reference used in cancel request","- Original gc_reference: ""GC-ORIG-001""
- Cancel gc_reference: ""GC-DIFF-002"" (different)
- Cancel API payload","1. Complete gift card redemption with gc_reference GC-ORIG-001
2. Initiate cancel redemption with gc_reference GC-DIFF-002
3. Verify API response
4. Validate DB entries","1. Cancel with different gc_reference ✓

API Response:
-> Status: Success (cancel processed against payment_id regardless of gc_reference)
OR
-> Status: Failed (if gc_reference validation is strict)

Database - gift_card_transactions table:
-> Validate cancel entry references correct gc_reference

2. GC reference handling validated ✓",gift_card;redemption_cancel;different_gc_reference;edge_case,P2,Pending,"UK, US",NA,NA
Gift Card,Redemption Cancel,GC-RCAN-EDGE,GC-RCAN-007,Cancel redemption after settlement state,"- Gift card redemption completed
- Transaction already settled
- Fund transfer completed
- Settlement period passed","- Payment ID: Settled payment
- Settlement status: Completed
- Fund transfer: Already processed","1. Complete gift card redemption
2. Wait for settlement to complete
3. Attempt cancel redemption after settlement
4. Verify handling of post-settlement cancel","1. Post-settlement cancel handling ✓

Option A - Refund processed:
-> Cancel processed as refund
-> Refund initiated through settlement channel
-> Gift card balance restored
-> Customer notified of refund timeline

Option B - Rejected:
-> Error: ""Transaction already settled""
-> Message: ""Contact support for post-settlement cancellation""

Database - gift_card_transactions table:
-> Cancel/refund entry if processed
-> Settlement status tracked

2. Post-settlement handling validated ✓
3. Customer informed of timeline ✓",gift_card;redemption_cancel;settlement;edge_case;post_settlement,P1,Prod monitoring,"UK, US",NA,NA
Gift Card,Redemption Cancel,GC-RCAN-EDGE,GC-RCAN-008,Cancel redemption - fund transfer status update validation (DN-15480),"- Gift card redemption cancelled
- Fund transfer reversal initiated
- Reference: DN-15480 (update status only after FT success)","- Cancelled redemption payment_id
- Fund transfer reversal: Pending
- Expected: Status updates only after FT success","1. Cancel gift card redemption
2. Verify initial cancel status (pending/processing)
3. Verify fund transfer reversal initiated
4. Wait for FT reversal to complete
5. Verify cancel transaction status updated to success only after FT success
6. Verify method_id updates accordingly","1. Status update after FT success VALIDATED ✓

Database - payments table (before FT reversal):
-> Cancel entry: transaction_status_id pending/processing
-> transaction_method_id: 26 (pending FT)

Database - payments table (after FT reversal success):
-> Cancel entry: transaction_status_id: 1 (success)
-> transaction_method_id: 10 (FT complete)

Fund Transfer Log:
-> Reversal initiated: Timestamp
-> Reversal completed: Timestamp
-> Status: Success

2. Cancel status updated ONLY after FT success ✓
3. Method ID updated from 26 to 10 ✓
4. DN-15480 requirement satisfied ✓",gift_card;redemption_cancel;fund_transfer;status_update;dn_15480;positive_test,P1,Automated,"UK, US",NA,AD_SC_TC_038_us_gift_card_sale_full_redemption_from_fh.spec
Gift Card,Email Notification,GC-EMAIL-CORE,GC-EMAIL-001,Email notification on gift card purchase success,"- Gift card purchase completed successfully
- Email service configured and active
- Customer email: Valid email address
- Merchant notification: Configured","- Customer email: gc_buyer@example.com
- Merchant email: merchant@example.com
- Gift card amount: £50.00
- Gift card code: GC-XXXX-XXXX","1. Complete gift card purchase successfully
2. Verify customer email triggered
3. Verify email content (gift card code, amount, balance)
4. Verify merchant notification (if configured)
5. Check email delivery logs","1. Purchase email notification SENT ✓

Customer Email:
-> To: gc_buyer@example.com
-> Subject: Gift card purchase confirmation
-> Body contains: Gift card code, purchase amount, balance
-> Gift card code visible in email
-> Merchant branding applied

Merchant Email (if configured):
-> To: merchant@example.com
-> Subject: New gift card purchase notification
-> Body contains: Transaction reference, amount

Email Logs:
-> Email sent timestamp
-> Delivery status: Delivered
-> Template: Gift card purchase template

2. Customer email received ✓
3. Gift card code included in email ✓
4. Merchant notification sent ✓",gift_card;email;purchase;notification;positive_test,P2,Prod monitoring,"UK, US",NA,NA
Gift Card,Email Notification,GC-EMAIL-CORE,GC-EMAIL-002,Email notification on gift card cancellation,"- Gift card cancelled/refunded successfully
- Email service configured
- Customer email: Valid email address","- Customer email: gc_buyer@example.com
- Cancelled gift card code: GC-XXXX-XXXX
- Refund amount: £50.00","1. Cancel/refund gift card successfully
2. Verify customer email triggered for cancellation
3. Verify email content (refund amount, gift card reference)
4. Verify merchant notification (if configured)","1. Cancellation email notification SENT ✓

Customer Email:
-> To: gc_buyer@example.com
-> Subject: Gift card cancellation confirmation
-> Body contains: Refund amount, gift card reference, refund timeline
-> Cancellation reason (if provided)

Merchant Email (if configured):
-> To: merchant@example.com
-> Subject: Gift card cancellation notification
-> Body contains: Cancelled reference, refund amount

2. Customer cancellation email received ✓
3. Refund details included ✓
4. Merchant notified ✓",gift_card;email;cancellation;notification;positive_test,P2,Prod monitoring,"UK, US",NA,NA
Gift Card,Email Notification,GC-EMAIL-CORE,GC-EMAIL-003,Email notification on gift card redemption cancel,"- Gift card redemption cancelled successfully
- Email service configured
- Customer and merchant emails available","- Customer email: gc_buyer@example.com
- Merchant email: merchant@example.com
- Cancelled redemption amount: £50.00
- Updated gift card balance: £50.00 (restored)","1. Cancel gift card redemption successfully
2. Verify customer email triggered
3. Verify email content (cancelled amount, updated balance)
4. Verify merchant notification","1. Redemption cancel email SENT ✓

Customer Email:
-> To: gc_buyer@example.com
-> Subject: Gift card redemption cancellation
-> Body contains: Cancelled amount, updated gift card balance
-> Gift card code reference

Merchant Email (if configured):
-> Notification of redemption cancellation
-> Updated balance information

2. Customer notified of redemption cancel ✓
3. Updated balance communicated ✓",gift_card;email;redemption_cancel;notification;positive_test,P2,Prod monitoring,"UK, US",NA,NA
Gift Card,Payment Methods,GC-PAY-NEWVIASAVED,GC-PAY-004,Gift card purchase via new card through saved card flow (Adyen HF),"- Adyen HF configured
- Gift card feature enabled
- No existing saved card for shopper
- Token creation enabled","- Merchant ID: Valid merchant
- Card: Mastercard 5555555555554444
- Amount: £80.00
- create_token: true","1. Initiate gift card purchase via Adyen HF
2. Enter new card details in saved card flow
3. Complete 3DS authentication
4. Verify gift card created
5. Verify token created in master_token table
6. Repeat for other countries","1. New card via saved card flow SUCCESSFUL ✓

Database - payments table:
-> transaction_status_id: 1 (success)
-> transaction_method_id: 2 (saved card flow)
-> payment_provider_id: 5 (Adyen)

Database - master_token table:
-> Token created for Adyen provider
-> scheme_name: 'mastercard'
-> last_4_digit: '4444'
-> delete_status: 0

Database - gift_card_transactions table:
-> gc_transaction_type_id: 1 (PURCHASE)
-> gc_reference: Generated code
-> amount: £80.00
-> payment_id: Links to payments.id

2. Token created for future use ✓
3. Gift card created ✓
4. Works across countries ✓",gift_card;purchase;new_via_saved;token;adyen_hf;positive_test,P1,Pending,"UK, US",NA,NA
Gift Card,Payment Methods,GC-PAY-CARDS,GC-PAY-005,Gift card purchase with different card types (Visa/MC/Amex),"- Adyen HF configured
- Gift card feature enabled
- Multiple card types available","- Card 1: Visa 4111111111111111
- Card 2: Mastercard 5555555555554444
- Card 3: Amex 370000000000002
- Amount: £50.00 each","1. Purchase gift card with Visa card
2. Purchase gift card with Mastercard
3. Purchase gift card with Amex
4. Verify each purchase creates gift card
5. Verify 3DS challenge for each card type
6. Validate DB entries for each","1. All card types SUCCESSFUL ✓

Visa Purchase:
-> transaction_status_id: 1
-> scheme_name: 'visa'
-> last_4_digit: '1111'
-> Gift card created

Mastercard Purchase:
-> transaction_status_id: 1
-> scheme_name: 'mastercard'
-> last_4_digit: '4444'
-> Gift card created

Amex Purchase:
-> transaction_status_id: 1
-> scheme_name: 'amex'
-> last_4_digit: '0002'
-> Gift card created

Database - gift_card_transactions table:
-> 3 separate PURCHASE entries
-> Each with unique gc_reference

2. All card types accepted ✓
3. 3DS works for each card ✓
4. Gift cards created for all ✓",gift_card;purchase;card_types;visa;mastercard;amex;positive_test,P2,Automated,"UK, US",NA,AD_SC_TC_041_us_gift_card_different_card_types.spec
Gift Card,Country Validation,GC-COUNTRY-DB,GC-COUNTRY-001,Gift card country gc_enabled flag validation,"- Country table configured
- gc_enabled column available
- Test countries: UK (gc_enabled=1) and disabled country (gc_enabled=0)","- Country A: gc_enabled = 1 (UK)
- Country B: gc_enabled = 0 (disabled)
- Amount: £50.00 for each","1. Attempt gift card purchase for country with gc_enabled = 1
2. Verify purchase succeeds
3. Attempt gift card purchase for country with gc_enabled = 0
4. Verify purchase is rejected
5. Validate country table entries","1. gc_enabled validation CORRECT ✓

Country A (gc_enabled = 1):
-> Purchase SUCCESSFUL
-> Gift card created
-> All DB entries populated

Country B (gc_enabled = 0):
-> Purchase REJECTED
-> Error: ""Gift cards not available for this country""
-> No gift card created
-> No payment entry created

Database - country table:
-> gc_enabled flag checked before processing
-> Validation enforced at API level

2. gc_enabled = 1 allows purchase ✓
3. gc_enabled = 0 blocks purchase ✓",gift_card;country;gc_enabled;validation;config_test,P1,Automated,"UK,  US",NA,AD_SC_TC_051_uk_gift_card_sale_gc_disabled.spec
Gift Card,Country Validation,GC-COUNTRY-DB,GC-COUNTRY-002,Gift card country gc_max_limit validation,"- Country table configured with gc_max_limit
- UK gc_max_limit: £500.00
- Validation rules active","- Test 1: gc_max_limit > 100 and sale amount < 100 (£50.00)
- Test 2: gc_max_limit > 100 and sale amount > 100 (£600.00)
- Test 3: gc_max_limit = 0 and sale amount > 0 (£10.00)","1. Attempt purchase £50.00 where gc_max_limit > 100
2. Verify purchase succeeds (within limit)
3. Attempt purchase £600.00 where gc_max_limit > 100 (e.g. 500)
4. Verify purchase rejected (exceeds limit)
5. Attempt purchase £10.00 where gc_max_limit = 0
6. Verify purchase rejected (zero limit means disabled)","1. gc_max_limit validation CORRECT ✓

Test 1 (£50 with limit > 100):
-> Purchase SUCCESSFUL
-> Within gc_max_limit
-> Gift card created

Test 2 (£600 with limit 500):
-> Purchase REJECTED
-> Error: ""Amount exceeds country maximum limit""
-> No gift card created

Test 3 (£10 with limit = 0):
-> Purchase REJECTED
-> Error: ""Gift card not available"" (limit = 0 means disabled)
-> No gift card created

Database - country table:
-> gc_max_limit enforced per country

2. Within-limit purchases succeed ✓
3. Over-limit purchases rejected ✓
4. Zero limit blocks all purchases ✓",gift_card;country;gc_max_limit;validation;boundary_test,P1,Automated,"UK, US",NA,AD_SC_TC_051_uk_gift_card_sale_gc_disabled.spec
Gift Card,Country Validation,GC-COUNTRY-DB,GC-COUNTRY-003,Gift card country gc_fh_mid validation with different MID types,"- Country table gc_fh_mid column configured
- Multiple MID types available for testing
- Adyen HF MID configured","- Test 1: CS-CH MID (Cardstream-Checkout)
- Test 2: Checkout-HF MID
- Test 3: CS MID (Cardstream only)
- Test 4: Spreedly MID
- Test 5: Adyen HF MID (all three countries)","1. Attempt gift card purchase with CS-CH MID
2. Attempt gift card purchase with Checkout-HF MID
3. Attempt gift card purchase with CS MID
4. Attempt gift card purchase with Spreedly MID
5. Attempt gift card purchase with Adyen HF MID for UK, US, AU","1. gc_fh_mid validation CORRECT ✓

Test 1 (CS-CH MID):
-> Gift card GENERATED ✓

Test 2 (Checkout-HF MID):
-> Gift card GENERATED ✓

Test 3 (CS MID):
-> Gift card NOT generated ✗
-> Error: MID type not supported for gift cards

Test 4 (Spreedly MID):
-> Gift card NOT generated ✗
-> Error: MID type not supported for gift cards

Test 5 (Adyen HF MID - all countries):
-> UK: Gift card GENERATED ✓
-> US: Gift card GENERATED ✓
-> AU: Gift card GENERATED ✓

Database - country table:
-> gc_fh_mid validated per MID type
-> Only supported MIDs allow gift card creation

2. Supported MIDs create gift cards ✓
3. Unsupported MIDs blocked ✓
4. Adyen HF works for all countries ✓",gift_card;country;gc_fh_mid;mid_type;validation;config_test,P1,Automated,"UK, US",NA,AD_SC_TC_044_uk_gift_card_sale_full_redemption_from_fh.spec
Gift Card,Country Validation,GC-COUNTRY-DB,GC-COUNTRY-004,Gift card purchase across all supported countries,"- Multiple countries configured
- gc_enabled = 1 for all test countries
- Adyen HF MID configured per country","- Country 1: UK (GBP) - £50.00
- Country 2: US (USD) - $50.00
- Country 3: AU (AUD) - A$50.00","1. Purchase gift card for UK merchant (GBP)
2. Verify gift card created with GBP currency
3. Purchase gift card for US merchant (USD)
4. Verify gift card created with USD currency
5. Purchase gift card for AU merchant (AUD)
6. Verify gift card created with AUD currency
7. Validate all DB entries per country","1. Multi-country purchase SUCCESSFUL ✓

UK Purchase:
-> transaction_status_id: 1
-> currency: GBP
-> Gift card created

US Purchase:
-> transaction_status_id: 1
-> currency: USD
-> Gift card created

AU Purchase:
-> transaction_status_id: 1
-> currency: AUD
-> Gift card created

Database - gift_card_transactions table:
-> Separate entries per country
-> Currency matches country configuration
-> Merchant ID matches country merchant

2. All countries supported ✓
3. Currency handled correctly per country ✓",gift_card;country;multi_country;uk;us;au;positive_test,P1,Automated,"UK, US",NA,AD_NC_TC_056_au_gift_card_sale_full_redemption_from_fh.spec
Gift Card,Long Input Validation,GC-LONG-INPUT,GC-LONG-001,Gift card purchase with long redirect_url and cancel_url,"- Adyen HF configured
- Gift card feature enabled
- Long URL handling active","- redirect_url: 500+ character URL
- cancel_url: 500+ character URL
- Amount: £50.00
- Card: Valid Visa","1. Initiate gift card purchase with long redirect_url (500+ chars)
2. Include long cancel_url (500+ chars) in payload
3. Complete purchase successfully
4. Verify redirect to long redirect_url on success
5. Test cancel scenario redirects to long cancel_url","1. Long URL handling SUCCESSFUL ✓

Success Scenario:
-> Payment completed
-> Redirect to long redirect_url: SUCCESS
-> Full URL preserved without truncation

Cancel Scenario:
-> Payment cancelled
-> Redirect to long cancel_url: SUCCESS
-> Full URL preserved without truncation

Database - payments table:
-> redirect_url stored correctly
-> cancel_url stored correctly

2. Long redirect_url works ✓
3. Long cancel_url works ✓
4. No URL truncation ✓",gift_card;long_url;redirect;cancel_url;boundary_test,P2,Automated,"UK, US",NA,AD_NC_TC_103_uk_gift_card_long_urls.spec
Gift Card,Long Input Validation,GC-LONG-INPUT,GC-LONG-002,Gift card purchase with long gc_reference (>16 characters),"- Adyen HF configured
- Gift card feature enabled
- gc_reference field validation","- gc_reference: ""GC-LONG-REF-12345678901234"" (>16 chars)
- Amount: £50.00
- Card: Valid Visa","1. Initiate gift card purchase with gc_reference > 16 characters
2. Complete purchase
3. Verify gift card created with long gc_reference
4. Validate DB entries","1. Long gc_reference SUCCESSFUL ✓

Database - gift_card_transactions table:
-> gc_reference: Full long reference stored
-> gc_transaction_type_id: 1 (PURCHASE)
-> amount: £50.00
-> No truncation of gc_reference

Database - payments table:
-> transaction_status_id: 1 (success)
-> order_ref: Linked correctly

2. gc_reference > 16 chars accepted ✓
3. No truncation or data loss ✓
4. Gift card created successfully ✓",gift_card;long_gc_reference;boundary_test;validation,P2,Automated,"UK, US",NA,AD_SC_TC_049_uk_gift_card_invalid_gc_reference.spec
Gift Card,Long Input Validation,GC-LONG-INPUT,GC-LONG-003,Gift card purchase with invalid gc_reference values,"- Adyen HF configured
- Gift card feature enabled
- gc_reference validation active","- Test 1: gc_reference = null
- Test 2: gc_reference = """" (empty string)
- Test 3: gc_reference = ""INVALID_!@#$%""
- Test 4: gc_reference = existing used reference","1. Attempt purchase with gc_reference = null
2. Attempt purchase with gc_reference = empty
3. Attempt purchase with gc_reference containing special chars
4. Attempt purchase with already-used gc_reference
5. Verify each scenario handled correctly","1. Invalid gc_reference validation ✓

Test 1 (null):
-> Purchase REJECTED or system generates reference
-> Error: ""gc_reference required""

Test 2 (empty string):
-> Purchase REJECTED
-> Error: ""gc_reference cannot be empty""

Test 3 (special characters):
-> Purchase REJECTED or sanitized
-> Validation applied

Test 4 (already used):
-> Purchase REJECTED
-> Error: ""gc_reference already exists""
-> No duplicate gift card created

2. Null/empty gc_reference handled ✓
3. Special characters validated ✓
4. Duplicate gc_reference prevented ✓",gift_card;invalid_gc_reference;validation;negative_test,P2,Automated,"UK, US",NA,AD_SC_TC_049_uk_gift_card_invalid_gc_reference.spec
Gift Card,Performance,GC-PERF-LATENCY,GC-PERF-002,Performance test - Payment and fund transfer processing latency,"- System under normal load
- Gift card transaction ready
- Performance monitoring active
- Fund transfer service active","- Transaction: Gift card purchase £50.00
- Measurement: End-to-end latency
- SLA: Payment <5s, FT <30s","1. Submit gift card purchase
2. Measure payment processing time (card charge to success)
3. Measure fund transfer processing time
4. Measure total end-to-end time
5. Verify all within SLA","1. Performance metrics within SLA ✓

Payment Processing:
-> Start to success: <5 seconds
-> 3DS challenge: <10 seconds (user dependent)
-> No timeout errors

Fund Transfer Processing:
-> Initiation to completion: <30 seconds
-> method_id update (26 to 10): Within FT completion
-> No blocking of subsequent transactions

End-to-End:
-> Total flow: Within acceptable range
-> No degradation under normal load

2. Payment latency within SLA ✓
3. Fund transfer latency acceptable ✓
4. No timeouts or blocking ✓",gift_card;performance;latency;payment;fund_transfer;sla,P2,Can't be automated,"UK, US",NA,NA